run_id,combo_index,seed_repeat,training_params.seed,mp,mr,map50,map,output_dir,training_params.trainability_policy,training_params.learning_rate,training_params.weight_decay
run_001,1,1,941800892,0.697597127399609,0.7453703703703703,0.7514719326778946,0.3530254559473496,/home/beissner/DI/screw_detection/Experiments/Finetuning_study/Finetuning_hp_series/runs/run_001,head_only,0.01,0.0
run_002,1,2,1781260929,0.697597127399609,0.7453703703703703,0.7514719326778946,0.3530254559473496,/home/beissner/DI/screw_detection/Experiments/Finetuning_study/Finetuning_hp_series/runs/run_002,head_only,0.01,0.0
run_003,2,1,1095435656,0.7199723919140981,0.7379992153591309,0.73186499031163,0.3507391424364349,/home/beissner/DI/screw_detection/Experiments/Finetuning_study/Finetuning_hp_series/runs/run_003,head_only,0.01,0.001
run_004,2,2,302914985,0.7199723919140981,0.7379992153591309,0.73186499031163,0.3507391424364349,/home/beissner/DI/screw_detection/Experiments/Finetuning_study/Finetuning_hp_series/runs/run_004,head_only,0.01,0.001
run_005,3,1,337436412,0.22641509433962265,0.7777777777777778,0.3525387059559126,0.18583128825228412,/home/beissner/DI/screw_detection/Experiments/Finetuning_study/Finetuning_hp_series/runs/run_005,head_only,0.001,0.0
run_006,3,2,1084172679,0.22641509433962265,0.7777777777777778,0.3525387059559126,0.18583128825228412,/home/beissner/DI/screw_detection/Experiments/Finetuning_study/Finetuning_hp_series/runs/run_006,head_only,0.001,0.0
run_007,4,1,2018226899,0.22641509433962265,0.7777777777777778,0.3525387059559126,0.18583128825228412,/home/beissner/DI/screw_detection/Experiments/Finetuning_study/Finetuning_hp_series/runs/run_007,head_only,0.001,0.001
run_008,4,2,1238126744,0.22641509433962265,0.7777777777777778,0.3525387059559126,0.18583128825228412,/home/beissner/DI/screw_detection/Experiments/Finetuning_study/Finetuning_hp_series/runs/run_008,head_only,0.001,0.001
run_009,5,1,618759150,0.22672064777327935,0.7777777777777778,0.35251518929032966,0.18583812049543305,/home/beissner/DI/screw_detection/Experiments/Finetuning_study/Finetuning_hp_series/runs/run_009,head_only,0.0001,0.0
run_010,5,2,2125939095,0.22672064777327935,0.7777777777777778,0.35251518929032966,0.18583812049543305,/home/beissner/DI/screw_detection/Experiments/Finetuning_study/Finetuning_hp_series/runs/run_010,head_only,0.0001,0.0
run_011,6,1,313355093,0.22672064777327935,0.7777777777777778,0.35251518929032966,0.18583812049543305,/home/beissner/DI/screw_detection/Experiments/Finetuning_study/Finetuning_hp_series/runs/run_011,head_only,0.0001,0.001
run_012,6,2,1278818215,0.22672064777327935,0.7777777777777778,0.35251518929032966,0.18583812049543305,/home/beissner/DI/screw_detection/Experiments/Finetuning_study/Finetuning_hp_series/runs/run_012,head_only,0.0001,0.001
run_013,7,1,1164794961,0.22672064777327935,0.7777777777777778,0.35251518929032966,0.18583876486559597,/home/beissner/DI/screw_detection/Experiments/Finetuning_study/Finetuning_hp_series/runs/run_013,head_only,1e-05,0.0
run_014,7,2,405503548,0.22672064777327935,0.7777777777777778,0.35251518929032966,0.18583876486559597,/home/beissner/DI/screw_detection/Experiments/Finetuning_study/Finetuning_hp_series/runs/run_014,head_only,1e-05,0.0
run_015,8,1,1951517186,0.22672064777327935,0.7777777777777778,0.35251518929032966,0.18583876486559597,/home/beissner/DI/screw_detection/Experiments/Finetuning_study/Finetuning_hp_series/runs/run_015,head_only,1e-05,0.001
run_016,8,2,209545455,0.22672064777327935,0.7777777777777778,0.35251518929032966,0.18583876486559597,/home/beissner/DI/screw_detection/Experiments/Finetuning_study/Finetuning_hp_series/runs/run_016,head_only,1e-05,0.001
run_017,9,1,510107334,0.8431631101083742,0.8287037037037037,0.8638162367568969,0.41098874266057867,/home/beissner/DI/screw_detection/Experiments/Finetuning_study/Finetuning_hp_series/runs/run_017,head_and_last_stage,0.01,0.0
run_018,9,2,34677595,0.8431631101083742,0.8287037037037037,0.8638162367568969,0.41098874266057867,/home/beissner/DI/screw_detection/Experiments/Finetuning_study/Finetuning_hp_series/runs/run_018,head_and_last_stage,0.01,0.0
run_019,10,1,393733721,0.9376149835271079,0.8148148148148148,0.887956296132496,0.43816966284419917,/home/beissner/DI/screw_detection/Experiments/Finetuning_study/Finetuning_hp_series/runs/run_019,head_and_last_stage,0.01,0.001
run_020,10,2,1846487151,0.9376149835271079,0.8148148148148148,0.887956296132496,0.43816966284419917,/home/beissner/DI/screw_detection/Experiments/Finetuning_study/Finetuning_hp_series/runs/run_020,head_and_last_stage,0.01,0.001
run_021,11,1,604215506,0.9464461786779578,0.7175925925925926,0.8527442415246284,0.42002685715691684,/home/beissner/DI/screw_detection/Experiments/Finetuning_study/Finetuning_hp_series/runs/run_021,head_and_last_stage,0.001,0.0
run_022,11,2,2144391428,0.9464461786779578,0.7175925925925926,0.8527442415246284,0.42002685715691684,/home/beissner/DI/screw_detection/Experiments/Finetuning_study/Finetuning_hp_series/runs/run_022,head_and_last_stage,0.001,0.0
run_023,12,1,2023309017,0.8331642628265663,0.7916666666666666,0.8509443747552979,0.4108675979785062,/home/beissner/DI/screw_detection/Experiments/Finetuning_study/Finetuning_hp_series/runs/run_023,head_and_last_stage,0.001,0.001
run_024,12,2,1723247330,0.8331642628265663,0.7916666666666666,0.8509443747552979,0.4108675979785062,/home/beissner/DI/screw_detection/Experiments/Finetuning_study/Finetuning_hp_series/runs/run_024,head_and_last_stage,0.001,0.001
run_025,13,1,1716619927,0.46580804199787695,0.4844415631440199,0.4100460152157943,0.2062302044074183,/home/beissner/DI/screw_detection/Experiments/Finetuning_study/Finetuning_hp_series/runs/run_025,head_and_last_stage,0.0001,0.0
run_026,13,2,618558110,0.46580804199787695,0.4844415631440199,0.4100460152157943,0.2062302044074183,/home/beissner/DI/screw_detection/Experiments/Finetuning_study/Finetuning_hp_series/runs/run_026,head_and_last_stage,0.0001,0.0
run_027,14,1,699657436,0.46580804199787695,0.4844415631440199,0.4100460152157943,0.2062302044074183,/home/beissner/DI/screw_detection/Experiments/Finetuning_study/Finetuning_hp_series/runs/run_027,head_and_last_stage,0.0001,0.001
run_028,14,2,1332761585,0.46580804199787695,0.4844415631440199,0.4100460152157943,0.2062302044074183,/home/beissner/DI/screw_detection/Experiments/Finetuning_study/Finetuning_hp_series/runs/run_028,head_and_last_stage,0.0001,0.001
run_029,15,1,743047685,0.46577855959361686,0.4843842362468475,0.4100413158890988,0.20621729115093204,/home/beissner/DI/screw_detection/Experiments/Finetuning_study/Finetuning_hp_series/runs/run_029,head_and_last_stage,1e-05,0.0
run_030,15,2,762290846,0.46577855959361686,0.4843842362468475,0.4100413158890988,0.20621729115093204,/home/beissner/DI/screw_detection/Experiments/Finetuning_study/Finetuning_hp_series/runs/run_030,head_and_last_stage,1e-05,0.0
run_031,16,1,1040432676,0.46577855959361686,0.4843842362468475,0.4100413158890988,0.20621729115093204,/home/beissner/DI/screw_detection/Experiments/Finetuning_study/Finetuning_hp_series/runs/run_031,head_and_last_stage,1e-05,0.001
run_032,16,2,1791807031,0.46577855959361686,0.4843842362468475,0.4100413158890988,0.20621729115093204,/home/beissner/DI/screw_detection/Experiments/Finetuning_study/Finetuning_hp_series/runs/run_032,head_and_last_stage,1e-05,0.001
run_033,17,1,1914551327,0.8907903794384061,0.8009259259259259,0.8838654200918263,0.4260157620799273,/home/beissner/DI/screw_detection/Experiments/Finetuning_study/Finetuning_hp_series/runs/run_033,neck_head,0.01,0.0
run_034,17,2,6815572,0.8907903794384061,0.8009259259259259,0.8838654200918263,0.4260157620799273,/home/beissner/DI/screw_detection/Experiments/Finetuning_study/Finetuning_hp_series/runs/run_034,neck_head,0.01,0.0
run_035,18,1,259995964,0.8838629308457865,0.8194444444444444,0.8845683434348285,0.4129726279438561,/home/beissner/DI/screw_detection/Experiments/Finetuning_study/Finetuning_hp_series/runs/run_035,neck_head,0.01,0.001
run_036,18,2,168867618,0.8838629308457865,0.8194444444444444,0.8845683434348285,0.4129726279438561,/home/beissner/DI/screw_detection/Experiments/Finetuning_study/Finetuning_hp_series/runs/run_036,neck_head,0.01,0.001
run_037,19,1,1653514268,0.5643194189250955,0.7175925925925926,0.6315616424031484,0.3122517474341194,/home/beissner/DI/screw_detection/Experiments/Finetuning_study/Finetuning_hp_series/runs/run_037,neck_head,0.001,0.0
run_038,19,2,165910233,0.5643194189250955,0.7175925925925926,0.6315616424031484,0.3122517474341194,/home/beissner/DI/screw_detection/Experiments/Finetuning_study/Finetuning_hp_series/runs/run_038,neck_head,0.001,0.0
run_039,20,1,1831431945,0.5671954850669857,0.7175925925925926,0.6315525068799879,0.3124132415906174,/home/beissner/DI/screw_detection/Experiments/Finetuning_study/Finetuning_hp_series/runs/run_039,neck_head,0.001,0.001
run_040,20,2,2106757945,0.5671954850669857,0.7175925925925926,0.6315525068799879,0.3124132415906174,/home/beissner/DI/screw_detection/Experiments/Finetuning_study/Finetuning_hp_series/runs/run_040,neck_head,0.001,0.001
run_041,21,1,1299357275,0.4650902181199394,0.4870698794761681,0.4139496414441711,0.20783093322249294,/home/beissner/DI/screw_detection/Experiments/Finetuning_study/Finetuning_hp_series/runs/run_041,neck_head,0.0001,0.0
run_042,21,2,1143075214,0.4650902181199394,0.4870698794761681,0.4139496414441711,0.20783093322249294,/home/beissner/DI/screw_detection/Experiments/Finetuning_study/Finetuning_hp_series/runs/run_042,neck_head,0.0001,0.0
run_043,22,1,1246201169,0.4650902181199394,0.4870698794761681,0.4139496414441711,0.20783093322249294,/home/beissner/DI/screw_detection/Experiments/Finetuning_study/Finetuning_hp_series/runs/run_043,neck_head,0.0001,0.001
run_044,22,2,1781211660,0.4650902181199394,0.4870698794761681,0.4139496414441711,0.20783093322249294,/home/beissner/DI/screw_detection/Experiments/Finetuning_study/Finetuning_hp_series/runs/run_044,neck_head,0.0001,0.001
run_045,23,1,1975833246,0.4647958816304735,0.4864921303721515,0.4139744594564725,0.20785125869585291,/home/beissner/DI/screw_detection/Experiments/Finetuning_study/Finetuning_hp_series/runs/run_045,neck_head,1e-05,0.0
run_046,23,2,1588621844,0.4647958816304735,0.4864921303721515,0.4139744594564725,0.20785125869585291,/home/beissner/DI/screw_detection/Experiments/Finetuning_study/Finetuning_hp_series/runs/run_046,neck_head,1e-05,0.0
run_047,24,1,1708213978,0.4647958816304735,0.4864921303721515,0.4139744594564725,0.20785125869585291,/home/beissner/DI/screw_detection/Experiments/Finetuning_study/Finetuning_hp_series/runs/run_047,neck_head,1e-05,0.001
run_048,24,2,889908164,0.4647958816304735,0.4864921303721515,0.4139744594564725,0.20785125869585291,/home/beissner/DI/screw_detection/Experiments/Finetuning_study/Finetuning_hp_series/runs/run_048,neck_head,1e-05,0.001
run_049,25,1,445160372,0.8907903794384061,0.8009259259259259,0.8838654200918263,0.4260157620799273,/home/beissner/DI/screw_detection/Experiments/Finetuning_study/Finetuning_hp_series/runs/run_049,backbone_frozen,0.01,0.0
run_050,25,2,1186469439,0.8907903794384061,0.8009259259259259,0.8838654200918263,0.4260157620799273,/home/beissner/DI/screw_detection/Experiments/Finetuning_study/Finetuning_hp_series/runs/run_050,backbone_frozen,0.01,0.0
run_051,26,1,768980278,0.8838629308457865,0.8194444444444444,0.8845683434348285,0.4129726279438561,/home/beissner/DI/screw_detection/Experiments/Finetuning_study/Finetuning_hp_series/runs/run_051,backbone_frozen,0.01,0.001
run_052,26,2,1467109414,0.8838629308457865,0.8194444444444444,0.8845683434348285,0.4129726279438561,/home/beissner/DI/screw_detection/Experiments/Finetuning_study/Finetuning_hp_series/runs/run_052,backbone_frozen,0.01,0.001
run_053,27,1,674105666,0.5643194189250955,0.7175925925925926,0.6315616424031484,0.3122517474341194,/home/beissner/DI/screw_detection/Experiments/Finetuning_study/Finetuning_hp_series/runs/run_053,backbone_frozen,0.001,0.0
run_054,27,2,2130735894,0.5643194189250955,0.7175925925925926,0.6315616424031484,0.3122517474341194,/home/beissner/DI/screw_detection/Experiments/Finetuning_study/Finetuning_hp_series/runs/run_054,backbone_frozen,0.001,0.0
run_055,28,1,1464515572,0.5671954850669857,0.7175925925925926,0.6315525068799879,0.3124132415906174,/home/beissner/DI/screw_detection/Experiments/Finetuning_study/Finetuning_hp_series/runs/run_055,backbone_frozen,0.001,0.001
run_056,28,2,1410092275,0.5671954850669857,0.7175925925925926,0.6315525068799879,0.3124132415906174,/home/beissner/DI/screw_detection/Experiments/Finetuning_study/Finetuning_hp_series/runs/run_056,backbone_frozen,0.001,0.001
run_057,29,1,199718977,0.4650902181199394,0.4870698794761681,0.4139496414441711,0.20783093322249294,/home/beissner/DI/screw_detection/Experiments/Finetuning_study/Finetuning_hp_series/runs/run_057,backbone_frozen,0.0001,0.0
run_058,29,2,300885617,0.4650902181199394,0.4870698794761681,0.4139496414441711,0.20783093322249294,/home/beissner/DI/screw_detection/Experiments/Finetuning_study/Finetuning_hp_series/runs/run_058,backbone_frozen,0.0001,0.0
run_059,30,1,1134900474,0.4650902181199394,0.4870698794761681,0.4139496414441711,0.20783093322249294,/home/beissner/DI/screw_detection/Experiments/Finetuning_study/Finetuning_hp_series/runs/run_059,backbone_frozen,0.0001,0.001
run_060,30,2,886275922,0.4650902181199394,0.4870698794761681,0.4139496414441711,0.20783093322249294,/home/beissner/DI/screw_detection/Experiments/Finetuning_study/Finetuning_hp_series/runs/run_060,backbone_frozen,0.0001,0.001
run_061,31,1,1338925819,0.4647958816304735,0.4864921303721515,0.4139744594564725,0.20785125869585291,/home/beissner/DI/screw_detection/Experiments/Finetuning_study/Finetuning_hp_series/runs/run_061,backbone_frozen,1e-05,0.0
run_062,31,2,547265147,0.4647958816304735,0.4864921303721515,0.4139744594564725,0.20785125869585291,/home/beissner/DI/screw_detection/Experiments/Finetuning_study/Finetuning_hp_series/runs/run_062,backbone_frozen,1e-05,0.0
run_063,32,1,841577050,0.4647958816304735,0.4864921303721515,0.4139744594564725,0.20785125869585291,/home/beissner/DI/screw_detection/Experiments/Finetuning_study/Finetuning_hp_series/runs/run_063,backbone_frozen,1e-05,0.001
run_064,32,2,1342064403,0.4647958816304735,0.4864921303721515,0.4139744594564725,0.20785125869585291,/home/beissner/DI/screw_detection/Experiments/Finetuning_study/Finetuning_hp_series/runs/run_064,backbone_frozen,1e-05,0.001
