config_id,combo_index,rank,n_runs,n_success,training_params.trainability_policy,training_params.learning_rate,training_params.weight_decay,map_mean,map_std,map50_mean,map50_std,mp_mean,mp_std,mr_mean,mr_std,f1_mean,f1_std
cfg001,1,9,2,2,head_only,0.01,0.0,0.3530254559473496,0.0,0.7514719326778946,0.0,0.697597127399609,0.0,0.7453703703703703,0.0,0.7206929193107025,0.0
cfg002,2,10,2,2,head_only,0.01,0.001,0.3507391424364349,0.0,0.73186499031163,0.0,0.7199723919140981,0.0,0.7379992153591309,0.0,0.7288743589548741,0.0
cfg003,3,31,2,2,head_only,0.001,0.0,0.18583128825228412,0.0,0.3525387059559126,0.0,0.22641509433962265,0.0,0.7777777777777778,0.0,0.35073068893528186,0.0
cfg004,4,32,2,2,head_only,0.001,0.001,0.18583128825228412,0.0,0.3525387059559126,0.0,0.22641509433962265,0.0,0.7777777777777778,0.0,0.35073068893528186,0.0
cfg005,5,29,2,2,head_only,0.0001,0.0,0.18583812049543305,0.0,0.35251518929032966,0.0,0.22672064777327935,0.0,0.7777777777777778,0.0,0.3510971786833856,0.0
cfg006,6,30,2,2,head_only,0.0001,0.001,0.18583812049543305,0.0,0.35251518929032966,0.0,0.22672064777327935,0.0,0.7777777777777778,0.0,0.3510971786833856,0.0
cfg007,7,27,2,2,head_only,1e-05,0.0,0.18583876486559597,0.0,0.35251518929032966,0.0,0.22672064777327935,0.0,0.7777777777777778,0.0,0.3510971786833856,0.0
cfg008,8,28,2,2,head_only,1e-05,0.001,0.18583876486559597,0.0,0.35251518929032966,0.0,0.22672064777327935,0.0,0.7777777777777778,0.0,0.3510971786833856,0.0
cfg009,9,7,2,2,head_and_last_stage,0.01,0.0,0.41098874266057867,0.0,0.8638162367568969,0.0,0.8431631101083742,0.0,0.8287037037037037,0.0,0.8358708796664741,0.0
cfg010,10,1,2,2,head_and_last_stage,0.01,0.001,0.43816966284419917,0.0,0.887956296132496,0.0,0.9376149835271079,0.0,0.8148148148148148,0.0,0.8719123355390157,0.0
cfg011,11,4,2,2,head_and_last_stage,0.001,0.0,0.42002685715691684,0.0,0.8527442415246284,0.0,0.9464461786779578,0.0,0.7175925925925926,0.0,0.8162823833585368,0.0
cfg012,12,8,2,2,head_and_last_stage,0.001,0.001,0.4108675979785062,0.0,0.8509443747552979,0.0,0.8331642628265663,0.0,0.7916666666666666,0.0,0.8118855479239514,0.0
cfg013,13,23,2,2,head_and_last_stage,0.0001,0.0,0.2062302044074183,0.0,0.4100460152157943,0.0,0.46580804199787695,0.0,0.4844415631440199,0.0,0.4749421094614617,0.0
cfg014,14,24,2,2,head_and_last_stage,0.0001,0.001,0.2062302044074183,0.0,0.4100460152157943,0.0,0.46580804199787695,0.0,0.4844415631440199,0.0,0.4749421094614617,0.0
cfg015,15,25,2,2,head_and_last_stage,1e-05,0.0,0.20621729115093204,0.0,0.4100413158890988,0.0,0.46577855959361686,0.0,0.4843842362468475,0.0,0.47489923376623666,0.0
cfg016,16,26,2,2,head_and_last_stage,1e-05,0.001,0.20621729115093204,0.0,0.4100413158890988,0.0,0.46577855959361686,0.0,0.4843842362468475,0.0,0.47489923376623666,0.0
cfg017,17,2,2,2,neck_head,0.01,0.0,0.4260157620799273,0.0,0.8838654200918263,0.0,0.8907903794384061,0.0,0.8009259259259259,0.0,0.8434713399584578,0.0
cfg018,18,5,2,2,neck_head,0.01,0.001,0.4129726279438561,0.0,0.8845683434348285,0.0,0.8838629308457865,0.0,0.8194444444444444,0.0,0.8504355453854034,0.0
cfg019,19,13,2,2,neck_head,0.001,0.0,0.3122517474341194,0.0,0.6315616424031484,0.0,0.5643194189250955,0.0,0.7175925925925926,0.0,0.6317928707093904,0.0
cfg020,20,11,2,2,neck_head,0.001,0.001,0.3124132415906174,0.0,0.6315525068799879,0.0,0.5671954850669857,0.0,0.7175925925925926,0.0,0.633591306945293,0.0
cfg021,21,19,2,2,neck_head,0.0001,0.0,0.20783093322249294,0.0,0.4139496414441711,0.0,0.4650902181199394,0.0,0.4870698794761681,0.0,0.4758263595736501,0.0
cfg022,22,20,2,2,neck_head,0.0001,0.001,0.20783093322249294,0.0,0.4139496414441711,0.0,0.4650902181199394,0.0,0.4870698794761681,0.0,0.4758263595736501,0.0
cfg023,23,15,2,2,neck_head,1e-05,0.0,0.20785125869585291,0.0,0.4139744594564725,0.0,0.4647958816304735,0.0,0.4864921303721515,0.0,0.4753965902851878,0.0
cfg024,24,16,2,2,neck_head,1e-05,0.001,0.20785125869585291,0.0,0.4139744594564725,0.0,0.4647958816304735,0.0,0.4864921303721515,0.0,0.4753965902851878,0.0
cfg025,25,3,2,2,backbone_frozen,0.01,0.0,0.4260157620799273,0.0,0.8838654200918263,0.0,0.8907903794384061,0.0,0.8009259259259259,0.0,0.8434713399584578,0.0
cfg026,26,6,2,2,backbone_frozen,0.01,0.001,0.4129726279438561,0.0,0.8845683434348285,0.0,0.8838629308457865,0.0,0.8194444444444444,0.0,0.8504355453854034,0.0
cfg027,27,14,2,2,backbone_frozen,0.001,0.0,0.3122517474341194,0.0,0.6315616424031484,0.0,0.5643194189250955,0.0,0.7175925925925926,0.0,0.6317928707093904,0.0
cfg028,28,12,2,2,backbone_frozen,0.001,0.001,0.3124132415906174,0.0,0.6315525068799879,0.0,0.5671954850669857,0.0,0.7175925925925926,0.0,0.633591306945293,0.0
cfg029,29,21,2,2,backbone_frozen,0.0001,0.0,0.20783093322249294,0.0,0.4139496414441711,0.0,0.4650902181199394,0.0,0.4870698794761681,0.0,0.4758263595736501,0.0
cfg030,30,22,2,2,backbone_frozen,0.0001,0.001,0.20783093322249294,0.0,0.4139496414441711,0.0,0.4650902181199394,0.0,0.4870698794761681,0.0,0.4758263595736501,0.0
cfg031,31,17,2,2,backbone_frozen,1e-05,0.0,0.20785125869585291,0.0,0.4139744594564725,0.0,0.4647958816304735,0.0,0.4864921303721515,0.0,0.4753965902851878,0.0
cfg032,32,18,2,2,backbone_frozen,1e-05,0.001,0.20785125869585291,0.0,0.4139744594564725,0.0,0.4647958816304735,0.0,0.4864921303721515,0.0,0.4753965902851878,0.0
