epoch,time,train/box_loss,train/cls_loss,train/dfl_loss,metrics/precision(B),metrics/recall(B),metrics/mAP50(B),metrics/mAP50-95(B),val/box_loss,val/cls_loss,val/dfl_loss,lr/pg0,lr/pg1,lr/pg2
1,1.08903,1.50366,1.64835,0.00907,0.81218,0.78205,0.83895,0.55108,1.31243,0.92097,0.00732,4e-05,4e-05,0.09604
2,3.27951,1.44706,1.02018,0.00679,0.77093,0.76923,0.83876,0.54268,1.28823,1.53642,0.00716,8.99109e-05,8.99109e-05,0.0910899
3,4.32168,1.2094,1.09924,0.00656,0.79893,0.75641,0.81358,0.54193,1.17318,4.46905,0.00653,0.000139723,0.000139723,0.0861397
4,5.36739,1.30938,0.89261,0.00694,0.82318,0.80769,0.83635,0.56709,1.10257,6.1029,0.00616,0.000189436,0.000189436,0.0811894
5,6.57318,1.16615,1.05469,0.00654,0.82766,0.79487,0.83902,0.56976,1.06594,7.11744,0.0058,0.00023905,0.00023905,0.076239
6,7.66746,1.30602,1.26068,0.00781,0.82766,0.79487,0.83902,0.56976,1.06594,7.11744,0.0058,0.000288564,0.000288564,0.0712886
7,8.89264,1.20852,1.01103,0.00667,0.82766,0.79487,0.83902,0.56976,1.06594,7.11744,0.0058,0.00033798,0.00033798,0.066338
8,10.0095,1.2507,1.0185,0.00704,0.83419,0.83333,0.85452,0.5987,1.09222,4.47969,0.006,0.000387297,0.000387297,0.0613873
9,11.168,1.2864,1.09607,0.00728,0.83419,0.83333,0.85452,0.5987,1.09222,4.47969,0.006,0.000436515,0.000436515,0.0564365
10,12.3241,1.12591,0.69957,0.00497,0.83419,0.83333,0.85452,0.5987,1.09222,4.47969,0.006,0.000485634,0.000485634,0.0514856
11,13.526,1.15092,0.79507,0.00502,0.78129,0.87017,0.86191,0.6104,1.07683,2.14924,0.00579,0.000534654,0.000534654,0.0465347
12,14.6703,1.27431,0.95791,0.00689,0.78129,0.87017,0.86191,0.6104,1.07683,2.14924,0.00579,0.000583575,0.000583575,0.0415836
13,16.0171,1.0921,0.75223,0.005,0.78129,0.87017,0.86191,0.6104,1.07683,2.14924,0.00579,0.000632397,0.000632397,0.0366324
14,17.141,1.34704,1.01139,0.00792,0.78129,0.87017,0.86191,0.6104,1.07683,2.14924,0.00579,0.00068112,0.00068112,0.0316811
15,18.2924,1.34532,1.1453,0.00772,0.78129,0.87017,0.86191,0.6104,1.07683,2.14924,0.00579,0.000729744,0.000729744,0.0267297
16,19.4638,1.08428,0.82601,0.00508,0.76529,0.82051,0.85923,0.61845,1.09905,1.10167,0.00599,0.000778268,0.000778268,0.0217783
17,20.5729,1.17438,0.96758,0.00588,0.76529,0.82051,0.85923,0.61845,1.09905,1.10167,0.00599,0.000826694,0.000826694,0.0168267
18,21.6616,1.24576,0.9172,0.00659,0.76529,0.82051,0.85923,0.61845,1.09905,1.10167,0.00599,0.000875021,0.000875021,0.011875
19,22.8853,1.1401,1.0022,0.00598,0.76529,0.82051,0.85923,0.61845,1.09905,1.10167,0.00599,0.000923249,0.000923249,0.00692325
20,23.9613,1.32426,1.14236,0.00799,0.76529,0.82051,0.85923,0.61845,1.09905,1.10167,0.00599,0.000971378,0.000971378,0.00197138
21,25.0928,1.20841,0.95186,0.00662,0.76529,0.82051,0.85923,0.61845,1.09905,1.10167,0.00599,0.0009802,0.0009802,0.0009802
22,26.1299,1.24882,1.03497,0.00654,0.76529,0.82051,0.85923,0.61845,1.09905,1.10167,0.00599,0.00097921,0.00097921,0.00097921
23,27.2504,1.26604,1.03039,0.00777,0.79451,0.80769,0.86379,0.62406,1.03247,0.9448,0.00546,0.00097822,0.00097822,0.00097822
24,28.3899,1.08844,0.89027,0.00551,0.79451,0.80769,0.86379,0.62406,1.03247,0.9448,0.00546,0.00097723,0.00097723,0.00097723
25,29.6277,1.14783,1.05452,0.00631,0.79451,0.80769,0.86379,0.62406,1.03247,0.9448,0.00546,0.00097624,0.00097624,0.00097624
26,30.748,1.32912,0.97741,0.00765,0.79451,0.80769,0.86379,0.62406,1.03247,0.9448,0.00546,0.00097525,0.00097525,0.00097525
27,31.8521,1.06184,0.8825,0.00452,0.79451,0.80769,0.86379,0.62406,1.03247,0.9448,0.00546,0.00097426,0.00097426,0.00097426
28,32.9186,1.174,0.90706,0.00606,0.79451,0.80769,0.86379,0.62406,1.03247,0.9448,0.00546,0.00097327,0.00097327,0.00097327
29,34.0221,1.09548,0.75938,0.00502,0.78094,0.82273,0.86288,0.63653,0.9838,0.88197,0.00516,0.00097228,0.00097228,0.00097228
30,35.2615,1.17298,1.23395,0.00743,0.78094,0.82273,0.86288,0.63653,0.9838,0.88197,0.00516,0.00097129,0.00097129,0.00097129
31,36.3291,1.26579,1.15492,0.00758,0.78094,0.82273,0.86288,0.63653,0.9838,0.88197,0.00516,0.0009703,0.0009703,0.0009703
32,37.4536,1.06113,1.09999,0.00608,0.78094,0.82273,0.86288,0.63653,0.9838,0.88197,0.00516,0.00096931,0.00096931,0.00096931
33,38.5001,1.02837,0.8024,0.0048,0.78094,0.82273,0.86288,0.63653,0.9838,0.88197,0.00516,0.00096832,0.00096832,0.00096832
34,39.5653,1.0605,0.90097,0.00533,0.78094,0.82273,0.86288,0.63653,0.9838,0.88197,0.00516,0.00096733,0.00096733,0.00096733
35,40.6676,1.2745,1.04498,0.00741,0.75551,0.88462,0.86498,0.64705,0.94421,0.8487,0.00504,0.00096634,0.00096634,0.00096634
36,41.9827,1.09654,0.91561,0.00599,0.75551,0.88462,0.86498,0.64705,0.94421,0.8487,0.00504,0.00096535,0.00096535,0.00096535
37,43.0982,0.94664,0.81474,0.00469,0.75551,0.88462,0.86498,0.64705,0.94421,0.8487,0.00504,0.00096436,0.00096436,0.00096436
38,44.277,1.09462,0.95029,0.00631,0.75551,0.88462,0.86498,0.64705,0.94421,0.8487,0.00504,0.00096337,0.00096337,0.00096337
39,45.4665,1.16474,0.87894,0.00638,0.75551,0.88462,0.86498,0.64705,0.94421,0.8487,0.00504,0.00096238,0.00096238,0.00096238
40,46.643,1.09792,0.85971,0.00584,0.75551,0.88462,0.86498,0.64705,0.94421,0.8487,0.00504,0.00096139,0.00096139,0.00096139
41,47.7809,1.07531,0.83045,0.00542,0.75551,0.88462,0.86498,0.64705,0.94421,0.8487,0.00504,0.0009604,0.0009604,0.0009604
42,49.1855,1.18846,1.00483,0.00714,0.80413,0.84218,0.86566,0.63912,0.9496,0.84693,0.00504,0.00095941,0.00095941,0.00095941
43,50.263,1.01755,0.77419,0.00507,0.80413,0.84218,0.86566,0.63912,0.9496,0.84693,0.00504,0.00095842,0.00095842,0.00095842
44,51.363,1.08761,0.69663,0.00481,0.80413,0.84218,0.86566,0.63912,0.9496,0.84693,0.00504,0.00095743,0.00095743,0.00095743
45,52.5147,1.03553,0.79617,0.00566,0.80413,0.84218,0.86566,0.63912,0.9496,0.84693,0.00504,0.00095644,0.00095644,0.00095644
46,53.5898,1.03696,1.17538,0.00635,0.80413,0.84218,0.86566,0.63912,0.9496,0.84693,0.00504,0.00095545,0.00095545,0.00095545
47,54.8464,0.99273,0.97519,0.00543,0.80413,0.84218,0.86566,0.63912,0.9496,0.84693,0.00504,0.00095446,0.00095446,0.00095446
48,55.9704,1.09482,0.78645,0.00555,0.82225,0.83032,0.87252,0.63761,0.96184,0.83229,0.00515,0.00095347,0.00095347,0.00095347
49,57.0375,1.16108,0.91705,0.00596,0.82225,0.83032,0.87252,0.63761,0.96184,0.83229,0.00515,0.00095248,0.00095248,0.00095248
50,58.1785,1.06461,1.12039,0.00587,0.82225,0.83032,0.87252,0.63761,0.96184,0.83229,0.00515,0.00095149,0.00095149,0.00095149
51,59.2504,1.03013,1.0111,0.00632,0.82225,0.83032,0.87252,0.63761,0.96184,0.83229,0.00515,0.0009505,0.0009505,0.0009505
52,60.3251,1.04582,1.03641,0.00563,0.82225,0.83032,0.87252,0.63761,0.96184,0.83229,0.00515,0.00094951,0.00094951,0.00094951
53,61.563,1.04628,0.98581,0.0061,0.82225,0.83032,0.87252,0.63761,0.96184,0.83229,0.00515,0.00094852,0.00094852,0.00094852
54,62.7175,0.96456,1.01512,0.0056,0.82225,0.83032,0.87252,0.63761,0.96184,0.83229,0.00515,0.00094753,0.00094753,0.00094753
55,63.8371,1.12227,1.22055,0.00681,0.80749,0.83333,0.87197,0.63897,0.998,0.78063,0.00537,0.00094654,0.00094654,0.00094654
56,64.8689,1.11758,0.90155,0.00592,0.80749,0.83333,0.87197,0.63897,0.998,0.78063,0.00537,0.00094555,0.00094555,0.00094555
57,65.9742,1.14388,1.34539,0.00802,0.80749,0.83333,0.87197,0.63897,0.998,0.78063,0.00537,0.00094456,0.00094456,0.00094456
58,67.093,1.29279,0.90737,0.0068,0.80749,0.83333,0.87197,0.63897,0.998,0.78063,0.00537,0.00094357,0.00094357,0.00094357
59,68.3473,1.17672,0.98718,0.00771,0.80749,0.83333,0.87197,0.63897,0.998,0.78063,0.00537,0.00094258,0.00094258,0.00094258
60,69.3709,1.16666,0.95141,0.00619,0.80749,0.83333,0.87197,0.63897,0.998,0.78063,0.00537,0.00094159,0.00094159,0.00094159
61,70.4896,1.07656,0.84207,0.00557,0.8224,0.83117,0.8693,0.637,1.00313,0.78511,0.00537,0.0009406,0.0009406,0.0009406
62,71.57,1.01974,0.80549,0.00477,0.8224,0.83117,0.8693,0.637,1.00313,0.78511,0.00537,0.00093961,0.00093961,0.00093961
63,72.6175,0.97046,0.65005,0.00422,0.8224,0.83117,0.8693,0.637,1.00313,0.78511,0.00537,0.00093862,0.00093862,0.00093862
64,73.8747,0.94866,0.85635,0.005,0.8224,0.83117,0.8693,0.637,1.00313,0.78511,0.00537,0.00093763,0.00093763,0.00093763
65,74.9303,1.14472,0.91459,0.00685,0.8224,0.83117,0.8693,0.637,1.00313,0.78511,0.00537,0.00093664,0.00093664,0.00093664
66,76.0515,0.96884,0.97683,0.00547,0.8224,0.83117,0.8693,0.637,1.00313,0.78511,0.00537,0.00093565,0.00093565,0.00093565
67,77.2525,1.50517,1.25997,0.00996,0.81143,0.85897,0.87694,0.6453,1.02302,0.77075,0.0055,0.00093466,0.00093466,0.00093466
68,78.3724,1.08378,0.87125,0.00639,0.81143,0.85897,0.87694,0.6453,1.02302,0.77075,0.0055,0.00093367,0.00093367,0.00093367
69,79.4368,1.04035,1.02043,0.0058,0.81143,0.85897,0.87694,0.6453,1.02302,0.77075,0.0055,0.00093268,0.00093268,0.00093268
70,80.7392,0.96751,0.82697,0.00487,0.81143,0.85897,0.87694,0.6453,1.02302,0.77075,0.0055,0.00093169,0.00093169,0.00093169
71,81.871,1.00357,0.80387,0.0053,0.81143,0.85897,0.87694,0.6453,1.02302,0.77075,0.0055,0.0009307,0.0009307,0.0009307
72,82.9463,1.04804,1.02905,0.00616,0.81143,0.85897,0.87694,0.6453,1.02302,0.77075,0.0055,0.00092971,0.00092971,0.00092971
73,84.0334,1.03471,0.82427,0.00527,0.81143,0.85897,0.87694,0.6453,1.02302,0.77075,0.0055,0.00092872,0.00092872,0.00092872
74,85.1361,1.11443,0.83898,0.00608,0.79043,0.87179,0.876,0.64342,1.02199,0.74891,0.00552,0.00092773,0.00092773,0.00092773
75,86.2088,1.10188,0.95253,0.00614,0.79043,0.87179,0.876,0.64342,1.02199,0.74891,0.00552,0.00092674,0.00092674,0.00092674
76,87.3722,1.03747,1.01065,0.00592,0.79043,0.87179,0.876,0.64342,1.02199,0.74891,0.00552,0.00092575,0.00092575,0.00092575
77,88.4616,1.10914,0.8108,0.00575,0.79043,0.87179,0.876,0.64342,1.02199,0.74891,0.00552,0.00092476,0.00092476,0.00092476
78,89.5387,1.00005,0.78362,0.00553,0.79043,0.87179,0.876,0.64342,1.02199,0.74891,0.00552,0.00092377,0.00092377,0.00092377
79,90.6079,0.99775,0.9907,0.00494,0.79043,0.87179,0.876,0.64342,1.02199,0.74891,0.00552,0.00092278,0.00092278,0.00092278
80,91.6473,0.9993,0.81235,0.00516,0.77668,0.88462,0.87829,0.64513,1.0005,0.75983,0.00544,0.00092179,0.00092179,0.00092179
81,92.7479,0.94097,0.99535,0.00476,0.77668,0.88462,0.87829,0.64513,1.0005,0.75983,0.00544,0.0009208,0.0009208,0.0009208
82,93.9755,1.01152,0.69032,0.00501,0.77668,0.88462,0.87829,0.64513,1.0005,0.75983,0.00544,0.00091981,0.00091981,0.00091981
83,95.1181,1.03376,0.9625,0.00619,0.77668,0.88462,0.87829,0.64513,1.0005,0.75983,0.00544,0.00091882,0.00091882,0.00091882
84,96.1947,1.18654,0.94823,0.00657,0.77668,0.88462,0.87829,0.64513,1.0005,0.75983,0.00544,0.00091783,0.00091783,0.00091783
85,97.3068,1.09134,0.97764,0.00722,0.77668,0.88462,0.87829,0.64513,1.0005,0.75983,0.00544,0.00091684,0.00091684,0.00091684
86,98.3909,0.92537,0.83188,0.00502,0.77668,0.88462,0.87829,0.64513,1.0005,0.75983,0.00544,0.00091585,0.00091585,0.00091585
87,99.51,0.95445,0.61583,0.00414,0.76297,0.90792,0.88137,0.65671,0.97784,0.76336,0.00538,0.00091486,0.00091486,0.00091486
88,100.827,1.05057,0.94639,0.00629,0.76297,0.90792,0.88137,0.65671,0.97784,0.76336,0.00538,0.00091387,0.00091387,0.00091387
89,101.94,1.02914,0.92931,0.0055,0.76297,0.90792,0.88137,0.65671,0.97784,0.76336,0.00538,0.00091288,0.00091288,0.00091288
90,103.093,1.00916,0.78909,0.00505,0.76297,0.90792,0.88137,0.65671,0.97784,0.76336,0.00538,0.00091189,0.00091189,0.00091189
91,104.212,1.10876,0.9353,0.00666,0.76297,0.90792,0.88137,0.65671,0.97784,0.76336,0.00538,0.0009109,0.0009109,0.0009109
92,105.358,1.10228,0.73995,0.00573,0.76297,0.90792,0.88137,0.65671,0.97784,0.76336,0.00538,0.00090991,0.00090991,0.00090991
93,106.726,1.08643,0.86253,0.00558,0.80476,0.8984,0.8888,0.66274,0.99833,0.71926,0.00549,0.00090892,0.00090892,0.00090892
94,107.852,1.0048,0.65014,0.00501,0.80476,0.8984,0.8888,0.66274,0.99833,0.71926,0.00549,0.00090793,0.00090793,0.00090793
95,108.904,1.11665,0.92894,0.00686,0.80476,0.8984,0.8888,0.66274,0.99833,0.71926,0.00549,0.00090694,0.00090694,0.00090694
96,109.966,1.14737,1.12727,0.00776,0.80476,0.8984,0.8888,0.66274,0.99833,0.71926,0.00549,0.00090595,0.00090595,0.00090595
97,111.07,0.95617,0.72085,0.00479,0.80476,0.8984,0.8888,0.66274,0.99833,0.71926,0.00549,0.00090496,0.00090496,0.00090496
98,112.137,0.9917,0.86263,0.00581,0.80476,0.8984,0.8888,0.66274,0.99833,0.71926,0.00549,0.00090397,0.00090397,0.00090397
99,113.481,0.95099,0.81819,0.00495,0.77752,0.91026,0.88418,0.66086,0.99156,0.72101,0.00547,0.00090298,0.00090298,0.00090298
100,114.608,1.20653,1.00012,0.00782,0.77752,0.91026,0.88418,0.66086,0.99156,0.72101,0.00547,0.00090199,0.00090199,0.00090199
101,115.759,1.00119,0.8178,0.00559,0.77752,0.91026,0.88418,0.66086,0.99156,0.72101,0.00547,0.000901,0.000901,0.000901
102,116.898,1.03835,0.59138,0.00509,0.77752,0.91026,0.88418,0.66086,0.99156,0.72101,0.00547,0.00090001,0.00090001,0.00090001
103,118.017,1.07563,0.94489,0.00653,0.77752,0.91026,0.88418,0.66086,0.99156,0.72101,0.00547,0.00089902,0.00089902,0.00089902
104,119.153,1.12436,1.08767,0.00686,0.77752,0.91026,0.88418,0.66086,0.99156,0.72101,0.00547,0.00089803,0.00089803,0.00089803
105,120.277,1.20641,0.83707,0.0067,0.77752,0.91026,0.88418,0.66086,0.99156,0.72101,0.00547,0.00089704,0.00089704,0.00089704
106,121.666,1.02614,0.7747,0.00487,0.76902,0.91026,0.88924,0.66984,0.97557,0.68757,0.00537,0.00089605,0.00089605,0.00089605
107,122.831,0.91488,0.85311,0.00505,0.76902,0.91026,0.88924,0.66984,0.97557,0.68757,0.00537,0.00089506,0.00089506,0.00089506
108,123.971,1.0701,0.8499,0.00622,0.76902,0.91026,0.88924,0.66984,0.97557,0.68757,0.00537,0.00089407,0.00089407,0.00089407
109,125.096,0.93858,0.5999,0.0045,0.76902,0.91026,0.88924,0.66984,0.97557,0.68757,0.00537,0.00089308,0.00089308,0.00089308
110,126.255,1.0256,0.8476,0.00566,0.76902,0.91026,0.88924,0.66984,0.97557,0.68757,0.00537,0.00089209,0.00089209,0.00089209
111,127.597,1.09386,0.75613,0.00597,0.76902,0.91026,0.88924,0.66984,0.97557,0.68757,0.00537,0.0008911,0.0008911,0.0008911
112,128.796,0.99572,0.78741,0.00537,0.8154,0.90612,0.89419,0.66549,0.97142,0.71053,0.00536,0.00089011,0.00089011,0.00089011
113,129.873,1.01128,0.64854,0.00525,0.8154,0.90612,0.89419,0.66549,0.97142,0.71053,0.00536,0.00088912,0.00088912,0.00088912
114,130.96,0.84823,0.68036,0.00423,0.8154,0.90612,0.89419,0.66549,0.97142,0.71053,0.00536,0.00088813,0.00088813,0.00088813
115,132.077,1.09366,0.76739,0.00559,0.8154,0.90612,0.89419,0.66549,0.97142,0.71053,0.00536,0.00088714,0.00088714,0.00088714
116,133.148,1.03572,0.86278,0.00543,0.8154,0.90612,0.89419,0.66549,0.97142,0.71053,0.00536,0.00088615,0.00088615,0.00088615
117,134.414,0.92027,0.90661,0.005,0.8154,0.90612,0.89419,0.66549,0.97142,0.71053,0.00536,0.00088516,0.00088516,0.00088516
118,135.531,0.96858,0.71009,0.00495,0.8154,0.90612,0.89419,0.66549,0.97142,0.71053,0.00536,0.00088417,0.00088417,0.00088417
119,136.667,0.89144,0.67048,0.0039,0.83144,0.88534,0.90304,0.67482,0.96638,0.71504,0.00532,0.00088318,0.00088318,0.00088318
120,137.733,0.78592,0.53696,0.00322,0.83144,0.88534,0.90304,0.67482,0.96638,0.71504,0.00532,0.00088219,0.00088219,0.00088219
121,138.828,1.09543,0.89053,0.00686,0.83144,0.88534,0.90304,0.67482,0.96638,0.71504,0.00532,0.0008812,0.0008812,0.0008812
122,140.077,0.97273,0.64675,0.00479,0.83144,0.88534,0.90304,0.67482,0.96638,0.71504,0.00532,0.00088021,0.00088021,0.00088021
123,141.153,0.92256,0.77046,0.00436,0.83144,0.88534,0.90304,0.67482,0.96638,0.71504,0.00532,0.00087922,0.00087922,0.00087922
124,142.238,1.07305,0.68647,0.00559,0.83144,0.88534,0.90304,0.67482,0.96638,0.71504,0.00532,0.00087823,0.00087823,0.00087823
125,143.361,0.86568,0.64982,0.00377,0.84495,0.87179,0.90656,0.68204,0.94726,0.69833,0.00522,0.00087724,0.00087724,0.00087724
126,144.374,1.10974,0.82231,0.00744,0.84495,0.87179,0.90656,0.68204,0.94726,0.69833,0.00522,0.00087625,0.00087625,0.00087625
127,145.469,0.94575,0.70537,0.00472,0.84495,0.87179,0.90656,0.68204,0.94726,0.69833,0.00522,0.00087526,0.00087526,0.00087526
128,146.726,0.90502,0.71883,0.00435,0.84495,0.87179,0.90656,0.68204,0.94726,0.69833,0.00522,0.00087427,0.00087427,0.00087427
129,147.82,1.28461,0.9583,0.00866,0.84495,0.87179,0.90656,0.68204,0.94726,0.69833,0.00522,0.00087328,0.00087328,0.00087328
130,148.892,1.0644,0.84677,0.00683,0.84495,0.87179,0.90656,0.68204,0.94726,0.69833,0.00522,0.00087229,0.00087229,0.00087229
131,150.025,1.00543,0.79642,0.00539,0.817,0.89744,0.91062,0.69112,0.92976,0.67657,0.00513,0.0008713,0.0008713,0.0008713
132,151.179,0.94768,0.65953,0.00433,0.817,0.89744,0.91062,0.69112,0.92976,0.67657,0.00513,0.00087031,0.00087031,0.00087031
133,152.325,0.98885,0.85235,0.00511,0.817,0.89744,0.91062,0.69112,0.92976,0.67657,0.00513,0.00086932,0.00086932,0.00086932
134,153.675,0.9285,0.7135,0.00426,0.817,0.89744,0.91062,0.69112,0.92976,0.67657,0.00513,0.00086833,0.00086833,0.00086833
135,154.815,1.05072,0.85296,0.0061,0.817,0.89744,0.91062,0.69112,0.92976,0.67657,0.00513,0.00086734,0.00086734,0.00086734
136,155.941,1.02476,0.61503,0.00469,0.817,0.89744,0.91062,0.69112,0.92976,0.67657,0.00513,0.00086635,0.00086635,0.00086635
137,157.101,0.96722,0.89005,0.00565,0.817,0.89744,0.91062,0.69112,0.92976,0.67657,0.00513,0.00086536,0.00086536,0.00086536
138,158.294,0.94467,0.78165,0.00476,0.81454,0.91026,0.9094,0.69606,0.9203,0.65937,0.00511,0.00086437,0.00086437,0.00086437
139,159.427,1.31337,1.19314,0.00914,0.81454,0.91026,0.9094,0.69606,0.9203,0.65937,0.00511,0.00086338,0.00086338,0.00086338
140,160.657,0.94468,0.83675,0.0052,0.81454,0.91026,0.9094,0.69606,0.9203,0.65937,0.00511,0.00086239,0.00086239,0.00086239
141,161.765,0.9515,0.86172,0.00471,0.81454,0.91026,0.9094,0.69606,0.9203,0.65937,0.00511,0.0008614,0.0008614,0.0008614
142,162.937,0.99349,0.81008,0.00576,0.81454,0.91026,0.9094,0.69606,0.9203,0.65937,0.00511,0.00086041,0.00086041,0.00086041
143,164.111,1.04814,1.01253,0.00607,0.81454,0.91026,0.9094,0.69606,0.9203,0.65937,0.00511,0.00085942,0.00085942,0.00085942
144,165.315,1.10766,1.02045,0.00657,0.84247,0.89744,0.90803,0.6942,0.90524,0.66484,0.00496,0.00085843,0.00085843,0.00085843
145,166.609,0.8871,0.44436,0.0035,0.84247,0.89744,0.90803,0.6942,0.90524,0.66484,0.00496,0.00085744,0.00085744,0.00085744
146,167.727,0.86461,0.67259,0.00415,0.84247,0.89744,0.90803,0.6942,0.90524,0.66484,0.00496,0.00085645,0.00085645,0.00085645
147,168.866,1.08779,0.77559,0.00672,0.84247,0.89744,0.90803,0.6942,0.90524,0.66484,0.00496,0.00085546,0.00085546,0.00085546
148,169.945,0.97152,0.68218,0.00553,0.84247,0.89744,0.90803,0.6942,0.90524,0.66484,0.00496,0.00085447,0.00085447,0.00085447
149,171.057,1.01971,0.66417,0.00506,0.84247,0.89744,0.90803,0.6942,0.90524,0.66484,0.00496,0.00085348,0.00085348,0.00085348
150,172.149,0.98378,1.00142,0.00613,0.84247,0.89744,0.90803,0.6942,0.90524,0.66484,0.00496,0.00085249,0.00085249,0.00085249
151,173.508,0.98048,0.80593,0.00566,0.85218,0.84615,0.91366,0.69507,0.90957,0.66173,0.00495,0.0008515,0.0008515,0.0008515
152,174.609,1.12978,1.04057,0.00738,0.85218,0.84615,0.91366,0.69507,0.90957,0.66173,0.00495,0.00085051,0.00085051,0.00085051
153,175.719,0.991,0.93695,0.00585,0.85218,0.84615,0.91366,0.69507,0.90957,0.66173,0.00495,0.00084952,0.00084952,0.00084952
154,176.754,1.00209,0.66663,0.00538,0.85218,0.84615,0.91366,0.69507,0.90957,0.66173,0.00495,0.00084853,0.00084853,0.00084853
155,177.83,0.93081,0.82714,0.00507,0.85218,0.84615,0.91366,0.69507,0.90957,0.66173,0.00495,0.00084754,0.00084754,0.00084754
156,178.94,0.92216,0.89682,0.00527,0.85218,0.84615,0.91366,0.69507,0.90957,0.66173,0.00495,0.00084655,0.00084655,0.00084655
157,180.256,0.96723,0.75146,0.00491,0.8296,0.88462,0.91597,0.69759,0.90514,0.66112,0.00499,0.00084556,0.00084556,0.00084556
158,181.404,0.94373,0.91873,0.00583,0.8296,0.88462,0.91597,0.69759,0.90514,0.66112,0.00499,0.00084457,0.00084457,0.00084457
159,182.49,0.9346,0.58748,0.00478,0.8296,0.88462,0.91597,0.69759,0.90514,0.66112,0.00499,0.00084358,0.00084358,0.00084358
160,183.567,1.04381,0.85967,0.00605,0.8296,0.88462,0.91597,0.69759,0.90514,0.66112,0.00499,0.00084259,0.00084259,0.00084259
161,184.648,1.12394,0.83989,0.00678,0.8296,0.88462,0.91597,0.69759,0.90514,0.66112,0.00499,0.0008416,0.0008416,0.0008416
162,185.739,0.96288,0.74722,0.00521,0.8296,0.88462,0.91597,0.69759,0.90514,0.66112,0.00499,0.00084061,0.00084061,0.00084061
163,186.99,0.94958,0.53653,0.00464,0.85134,0.8811,0.92255,0.70975,0.89783,0.66445,0.00495,0.00083962,0.00083962,0.00083962
164,187.995,0.88212,0.55891,0.00413,0.85134,0.8811,0.92255,0.70975,0.89783,0.66445,0.00495,0.00083863,0.00083863,0.00083863
165,189.021,1.01584,0.90135,0.00545,0.85134,0.8811,0.92255,0.70975,0.89783,0.66445,0.00495,0.00083764,0.00083764,0.00083764
166,190.084,1.05269,0.79578,0.00538,0.85134,0.8811,0.92255,0.70975,0.89783,0.66445,0.00495,0.00083665,0.00083665,0.00083665
167,191.144,0.9054,0.74008,0.00423,0.85134,0.8811,0.92255,0.70975,0.89783,0.66445,0.00495,0.00083566,0.00083566,0.00083566
168,192.143,1.01614,0.75836,0.00538,0.85134,0.8811,0.92255,0.70975,0.89783,0.66445,0.00495,0.00083467,0.00083467,0.00083467
169,193.387,1.08467,0.9118,0.00554,0.85134,0.8811,0.92255,0.70975,0.89783,0.66445,0.00495,0.00083368,0.00083368,0.00083368
170,194.503,0.98797,0.69352,0.00543,0.862,0.88462,0.92814,0.72256,0.90399,0.63146,0.005,0.00083269,0.00083269,0.00083269
171,195.573,0.99637,0.8626,0.00573,0.862,0.88462,0.92814,0.72256,0.90399,0.63146,0.005,0.0008317,0.0008317,0.0008317
172,196.649,1.0133,0.75212,0.00565,0.862,0.88462,0.92814,0.72256,0.90399,0.63146,0.005,0.00083071,0.00083071,0.00083071
173,197.719,1.0964,0.78321,0.0057,0.862,0.88462,0.92814,0.72256,0.90399,0.63146,0.005,0.00082972,0.00082972,0.00082972
174,198.945,1.14861,0.91728,0.00686,0.862,0.88462,0.92814,0.72256,0.90399,0.63146,0.005,0.00082873,0.00082873,0.00082873
175,199.95,0.84663,0.48011,0.00347,0.862,0.88462,0.92814,0.72256,0.90399,0.63146,0.005,0.00082774,0.00082774,0.00082774
176,200.992,0.93542,0.51729,0.00422,0.88428,0.88178,0.92986,0.71911,0.91126,0.63998,0.00506,0.00082675,0.00082675,0.00082675
177,202.118,0.98613,0.70844,0.00559,0.88428,0.88178,0.92986,0.71911,0.91126,0.63998,0.00506,0.00082576,0.00082576,0.00082576
178,203.259,0.98912,0.88641,0.00539,0.88428,0.88178,0.92986,0.71911,0.91126,0.63998,0.00506,0.00082477,0.00082477,0.00082477
179,204.345,0.98798,0.53791,0.0041,0.88428,0.88178,0.92986,0.71911,0.91126,0.63998,0.00506,0.00082378,0.00082378,0.00082378
180,205.626,0.83363,0.57692,0.00371,0.88428,0.88178,0.92986,0.71911,0.91126,0.63998,0.00506,0.00082279,0.00082279,0.00082279
181,206.713,0.92564,0.58785,0.00475,0.88428,0.88178,0.92986,0.71911,0.91126,0.63998,0.00506,0.0008218,0.0008218,0.0008218
182,207.772,0.87136,0.71542,0.00458,0.88428,0.88178,0.92986,0.71911,0.91126,0.63998,0.00506,0.00082081,0.00082081,0.00082081
183,208.935,1.02058,0.89095,0.00639,0.89048,0.87179,0.93858,0.72685,0.89427,0.63937,0.00492,0.00081982,0.00081982,0.00081982
184,210.029,0.88217,0.69752,0.00462,0.89048,0.87179,0.93858,0.72685,0.89427,0.63937,0.00492,0.00081883,0.00081883,0.00081883
185,211.142,0.97621,0.7688,0.00575,0.89048,0.87179,0.93858,0.72685,0.89427,0.63937,0.00492,0.00081784,0.00081784,0.00081784
186,212.445,0.97496,0.65856,0.00506,0.89048,0.87179,0.93858,0.72685,0.89427,0.63937,0.00492,0.00081685,0.00081685,0.00081685
187,213.54,1.06079,0.69437,0.00537,0.89048,0.87179,0.93858,0.72685,0.89427,0.63937,0.00492,0.00081586,0.00081586,0.00081586
188,214.616,1.03542,0.729,0.0057,0.89048,0.87179,0.93858,0.72685,0.89427,0.63937,0.00492,0.00081487,0.00081487,0.00081487
189,215.72,0.87406,0.65581,0.00477,0.88975,0.89744,0.94118,0.73025,0.88901,0.59855,0.00488,0.00081388,0.00081388,0.00081388
190,216.915,0.97788,0.68429,0.00531,0.88975,0.89744,0.94118,0.73025,0.88901,0.59855,0.00488,0.00081289,0.00081289,0.00081289
191,218.229,0.90363,0.74358,0.00493,0.88975,0.89744,0.94118,0.73025,0.88901,0.59855,0.00488,0.0008119,0.0008119,0.0008119
192,219.421,1.05798,1.01156,0.00634,0.88975,0.89744,0.94118,0.73025,0.88901,0.59855,0.00488,0.00081091,0.00081091,0.00081091
193,220.552,0.96113,0.79827,0.00549,0.88975,0.89744,0.94118,0.73025,0.88901,0.59855,0.00488,0.00080992,0.00080992,0.00080992
194,221.76,0.95111,0.66318,0.00542,0.88975,0.89744,0.94118,0.73025,0.88901,0.59855,0.00488,0.00080893,0.00080893,0.00080893
195,222.963,0.90816,0.67573,0.00468,0.87362,0.85897,0.93457,0.72985,0.83027,0.64805,0.00448,0.00080794,0.00080794,0.00080794
196,224.027,1.08234,0.88533,0.00617,0.87362,0.85897,0.93457,0.72985,0.83027,0.64805,0.00448,0.00080695,0.00080695,0.00080695
197,225.253,0.99761,0.69939,0.00563,0.87362,0.85897,0.93457,0.72985,0.83027,0.64805,0.00448,0.00080596,0.00080596,0.00080596
198,226.317,0.88351,0.65048,0.00448,0.87362,0.85897,0.93457,0.72985,0.83027,0.64805,0.00448,0.00080497,0.00080497,0.00080497
199,227.406,1.10326,0.81856,0.00689,0.87362,0.85897,0.93457,0.72985,0.83027,0.64805,0.00448,0.00080398,0.00080398,0.00080398
200,228.479,1.09481,0.92261,0.00643,0.87362,0.85897,0.93457,0.72985,0.83027,0.64805,0.00448,0.00080299,0.00080299,0.00080299
201,229.541,0.94636,0.80796,0.00578,0.87362,0.85897,0.93457,0.72985,0.83027,0.64805,0.00448,0.000802,0.000802,0.000802
202,230.712,0.91807,0.72105,0.00465,0.90482,0.85315,0.937,0.734,0.84817,0.61758,0.0046,0.00080101,0.00080101,0.00080101
203,231.993,0.96998,0.83332,0.00591,0.90482,0.85315,0.937,0.734,0.84817,0.61758,0.0046,0.00080002,0.00080002,0.00080002
204,233.115,1.01379,0.7318,0.00571,0.90482,0.85315,0.937,0.734,0.84817,0.61758,0.0046,0.00079903,0.00079903,0.00079903
205,234.253,0.96718,0.70399,0.00531,0.90482,0.85315,0.937,0.734,0.84817,0.61758,0.0046,0.00079804,0.00079804,0.00079804
206,235.329,1.06867,0.79251,0.00584,0.90482,0.85315,0.937,0.734,0.84817,0.61758,0.0046,0.00079705,0.00079705,0.00079705
207,236.388,0.90692,0.74316,0.00469,0.90482,0.85315,0.937,0.734,0.84817,0.61758,0.0046,0.00079606,0.00079606,0.00079606
208,237.647,1.32918,1.09306,0.00935,0.94365,0.85879,0.941,0.73297,0.83249,0.62281,0.00449,0.00079507,0.00079507,0.00079507
209,238.697,1.00378,0.70504,0.00551,0.94365,0.85879,0.941,0.73297,0.83249,0.62281,0.00449,0.00079408,0.00079408,0.00079408
210,239.756,0.93472,0.80181,0.00519,0.94365,0.85879,0.941,0.73297,0.83249,0.62281,0.00449,0.00079309,0.00079309,0.00079309
211,240.814,1.04522,0.79695,0.00668,0.94365,0.85879,0.941,0.73297,0.83249,0.62281,0.00449,0.0007921,0.0007921,0.0007921
212,241.893,0.95243,0.61555,0.005,0.94365,0.85879,0.941,0.73297,0.83249,0.62281,0.00449,0.00079111,0.00079111,0.00079111
213,242.978,0.87436,0.78658,0.00518,0.94365,0.85879,0.941,0.73297,0.83249,0.62281,0.00449,0.00079012,0.00079012,0.00079012
214,244.215,1.14367,0.97905,0.00765,0.94365,0.85879,0.941,0.73297,0.83249,0.62281,0.00449,0.00078913,0.00078913,0.00078913
215,245.371,0.91454,0.5195,0.0046,0.89946,0.85897,0.94163,0.72844,0.85599,0.61124,0.0046,0.00078814,0.00078814,0.00078814
216,246.491,1.15675,0.81907,0.0068,0.89946,0.85897,0.94163,0.72844,0.85599,0.61124,0.0046,0.00078715,0.00078715,0.00078715
217,247.557,1.15451,0.87823,0.00725,0.89946,0.85897,0.94163,0.72844,0.85599,0.61124,0.0046,0.00078616,0.00078616,0.00078616
218,248.666,0.95365,0.71001,0.00516,0.89946,0.85897,0.94163,0.72844,0.85599,0.61124,0.0046,0.00078517,0.00078517,0.00078517
219,249.753,0.82339,0.43738,0.00402,0.89946,0.85897,0.94163,0.72844,0.85599,0.61124,0.0046,0.00078418,0.00078418,0.00078418
220,251.035,0.89714,0.74555,0.00509,0.89946,0.85897,0.94163,0.72844,0.85599,0.61124,0.0046,0.00078319,0.00078319,0.00078319
221,252.194,0.85776,0.70117,0.00464,0.90587,0.86371,0.94397,0.73752,0.86797,0.588,0.00469,0.0007822,0.0007822,0.0007822
222,253.288,0.91546,0.56375,0.00411,0.90587,0.86371,0.94397,0.73752,0.86797,0.588,0.00469,0.00078121,0.00078121,0.00078121
223,254.354,0.86689,0.58244,0.00382,0.90587,0.86371,0.94397,0.73752,0.86797,0.588,0.00469,0.00078022,0.00078022,0.00078022
224,255.431,1.23541,1.16886,0.00928,0.90587,0.86371,0.94397,0.73752,0.86797,0.588,0.00469,0.00077923,0.00077923,0.00077923
225,256.639,0.98545,0.72513,0.00561,0.90587,0.86371,0.94397,0.73752,0.86797,0.588,0.00469,0.00077824,0.00077824,0.00077824
226,257.721,1.08003,1.00765,0.0072,0.90587,0.86371,0.94397,0.73752,0.86797,0.588,0.00469,0.00077725,0.00077725,0.00077725
227,258.843,0.93347,0.70579,0.00468,0.90642,0.8693,0.94399,0.73571,0.84624,0.60955,0.00452,0.00077626,0.00077626,0.00077626
228,259.919,0.91604,0.62393,0.00442,0.90642,0.8693,0.94399,0.73571,0.84624,0.60955,0.00452,0.00077527,0.00077527,0.00077527
229,260.993,1.11288,0.78656,0.00628,0.90642,0.8693,0.94399,0.73571,0.84624,0.60955,0.00452,0.00077428,0.00077428,0.00077428
230,262.067,1.0414,0.68981,0.00629,0.90642,0.8693,0.94399,0.73571,0.84624,0.60955,0.00452,0.00077329,0.00077329,0.00077329
231,263.316,0.82721,0.57231,0.00375,0.90642,0.8693,0.94399,0.73571,0.84624,0.60955,0.00452,0.0007723,0.0007723,0.0007723
232,264.432,0.93203,0.57927,0.00448,0.90642,0.8693,0.94399,0.73571,0.84624,0.60955,0.00452,0.00077131,0.00077131,0.00077131
233,265.528,0.87179,0.67543,0.00437,0.90642,0.8693,0.94399,0.73571,0.84624,0.60955,0.00452,0.00077032,0.00077032,0.00077032
234,266.667,1.01636,0.72004,0.00504,0.91805,0.86178,0.94743,0.73798,0.8653,0.58044,0.00462,0.00076933,0.00076933,0.00076933
235,267.826,0.82813,0.76919,0.00481,0.91805,0.86178,0.94743,0.73798,0.8653,0.58044,0.00462,0.00076834,0.00076834,0.00076834
236,268.896,0.92045,0.48031,0.00426,0.91805,0.86178,0.94743,0.73798,0.8653,0.58044,0.00462,0.00076735,0.00076735,0.00076735
237,270.166,0.94408,0.79206,0.00589,0.91805,0.86178,0.94743,0.73798,0.8653,0.58044,0.00462,0.00076636,0.00076636,0.00076636
238,271.293,1.0663,0.85687,0.00627,0.91805,0.86178,0.94743,0.73798,0.8653,0.58044,0.00462,0.00076537,0.00076537,0.00076537
239,272.376,1.02775,0.78495,0.00638,0.91805,0.86178,0.94743,0.73798,0.8653,0.58044,0.00462,0.00076438,0.00076438,0.00076438
240,273.478,0.67032,0.51686,0.00298,0.94434,0.87014,0.94784,0.73908,0.85831,0.5853,0.00456,0.00076339,0.00076339,0.00076339
241,274.572,1.0473,0.94203,0.00611,0.94434,0.87014,0.94784,0.73908,0.85831,0.5853,0.00456,0.0007624,0.0007624,0.0007624
242,275.64,1.08844,0.60081,0.00568,0.94434,0.87014,0.94784,0.73908,0.85831,0.5853,0.00456,0.00076141,0.00076141,0.00076141
243,276.933,1.01436,0.77433,0.00537,0.94434,0.87014,0.94784,0.73908,0.85831,0.5853,0.00456,0.00076042,0.00076042,0.00076042
244,278.035,0.92808,0.81156,0.00536,0.94434,0.87014,0.94784,0.73908,0.85831,0.5853,0.00456,0.00075943,0.00075943,0.00075943
245,279.129,1.08784,0.84783,0.0073,0.94434,0.87014,0.94784,0.73908,0.85831,0.5853,0.00456,0.00075844,0.00075844,0.00075844
246,280.21,0.87907,0.67161,0.00458,0.94434,0.87014,0.94784,0.73908,0.85831,0.5853,0.00456,0.00075745,0.00075745,0.00075745
247,281.394,1.0275,0.73729,0.00526,0.91883,0.87079,0.9425,0.74408,0.84208,0.60248,0.00447,0.00075646,0.00075646,0.00075646
248,282.54,0.87242,0.69321,0.00489,0.91883,0.87079,0.9425,0.74408,0.84208,0.60248,0.00447,0.00075547,0.00075547,0.00075547
249,283.771,0.96276,0.61817,0.00571,0.91883,0.87079,0.9425,0.74408,0.84208,0.60248,0.00447,0.00075448,0.00075448,0.00075448
250,284.878,0.88401,0.64941,0.00444,0.91883,0.87079,0.9425,0.74408,0.84208,0.60248,0.00447,0.00075349,0.00075349,0.00075349
251,286.002,0.86569,0.62815,0.00465,0.91883,0.87079,0.9425,0.74408,0.84208,0.60248,0.00447,0.0007525,0.0007525,0.0007525
252,287.068,0.90426,0.73457,0.00497,0.91883,0.87079,0.9425,0.74408,0.84208,0.60248,0.00447,0.00075151,0.00075151,0.00075151
253,288.193,0.99093,0.64451,0.00561,0.90069,0.85897,0.94323,0.74249,0.83926,0.62638,0.00436,0.00075052,0.00075052,0.00075052
254,289.258,0.83624,0.704,0.00436,0.90069,0.85897,0.94323,0.74249,0.83926,0.62638,0.00436,0.00074953,0.00074953,0.00074953
255,290.521,0.98733,0.6876,0.0055,0.90069,0.85897,0.94323,0.74249,0.83926,0.62638,0.00436,0.00074854,0.00074854,0.00074854
256,291.59,0.90616,0.6822,0.00467,0.90069,0.85897,0.94323,0.74249,0.83926,0.62638,0.00436,0.00074755,0.00074755,0.00074755
257,292.715,0.84162,0.60828,0.00432,0.90069,0.85897,0.94323,0.74249,0.83926,0.62638,0.00436,0.00074656,0.00074656,0.00074656
258,293.844,0.94864,0.75672,0.0059,0.90069,0.85897,0.94323,0.74249,0.83926,0.62638,0.00436,0.00074557,0.00074557,0.00074557
259,294.98,0.94232,0.5951,0.00443,0.90809,0.89744,0.94619,0.74406,0.83158,0.63044,0.00428,0.00074458,0.00074458,0.00074458
260,296.149,1.02089,0.78651,0.00635,0.90809,0.89744,0.94619,0.74406,0.83158,0.63044,0.00428,0.00074359,0.00074359,0.00074359
261,297.435,0.86712,0.54637,0.00399,0.90809,0.89744,0.94619,0.74406,0.83158,0.63044,0.00428,0.0007426,0.0007426,0.0007426
262,298.588,1.047,0.78639,0.00605,0.90809,0.89744,0.94619,0.74406,0.83158,0.63044,0.00428,0.00074161,0.00074161,0.00074161
263,299.707,0.97272,0.77109,0.0053,0.90809,0.89744,0.94619,0.74406,0.83158,0.63044,0.00428,0.00074062,0.00074062,0.00074062
264,300.818,0.90256,0.73448,0.00496,0.90809,0.89744,0.94619,0.74406,0.83158,0.63044,0.00428,0.00073963,0.00073963,0.00073963
265,302.047,0.89641,0.72034,0.00487,0.90809,0.89744,0.94619,0.74406,0.83158,0.63044,0.00428,0.00073864,0.00073864,0.00073864
266,303.422,0.89607,0.68412,0.00542,0.90679,0.87307,0.94534,0.74538,0.84138,0.626,0.00437,0.00073765,0.00073765,0.00073765
267,304.549,1.13236,0.88255,0.00709,0.90679,0.87307,0.94534,0.74538,0.84138,0.626,0.00437,0.00073666,0.00073666,0.00073666
268,305.567,0.92668,0.61973,0.0046,0.90679,0.87307,0.94534,0.74538,0.84138,0.626,0.00437,0.00073567,0.00073567,0.00073567
269,306.571,0.75886,0.49368,0.00375,0.90679,0.87307,0.94534,0.74538,0.84138,0.626,0.00437,0.00073468,0.00073468,0.00073468
270,307.569,0.89745,0.57405,0.0046,0.90679,0.87307,0.94534,0.74538,0.84138,0.626,0.00437,0.00073369,0.00073369,0.00073369
271,308.57,0.97889,0.93432,0.00579,0.90679,0.87307,0.94534,0.74538,0.84138,0.626,0.00437,0.0007327,0.0007327,0.0007327
272,309.771,0.82112,0.76344,0.00479,0.90902,0.85897,0.94242,0.74334,0.8223,0.64332,0.00427,0.00073171,0.00073171,0.00073171
273,310.773,1.02485,0.76111,0.00626,0.90902,0.85897,0.94242,0.74334,0.8223,0.64332,0.00427,0.00073072,0.00073072,0.00073072
274,311.774,0.87433,0.57785,0.00441,0.90902,0.85897,0.94242,0.74334,0.8223,0.64332,0.00427,0.00072973,0.00072973,0.00072973
275,312.781,0.92385,0.53836,0.00453,0.90902,0.85897,0.94242,0.74334,0.8223,0.64332,0.00427,0.00072874,0.00072874,0.00072874
276,313.782,0.94544,0.6752,0.006,0.90902,0.85897,0.94242,0.74334,0.8223,0.64332,0.00427,0.00072775,0.00072775,0.00072775
277,314.784,0.94213,0.74929,0.00583,0.90902,0.85897,0.94242,0.74334,0.8223,0.64332,0.00427,0.00072676,0.00072676,0.00072676
278,315.975,0.8781,0.72389,0.00411,0.90902,0.85897,0.94242,0.74334,0.8223,0.64332,0.00427,0.00072577,0.00072577,0.00072577
279,317.137,0.98155,0.72514,0.00591,0.90155,0.85897,0.9436,0.74446,0.8265,0.62551,0.00429,0.00072478,0.00072478,0.00072478
280,318.269,0.8167,0.4952,0.00413,0.90155,0.85897,0.9436,0.74446,0.8265,0.62551,0.00429,0.00072379,0.00072379,0.00072379
281,319.388,0.89312,0.53125,0.00442,0.90155,0.85897,0.9436,0.74446,0.8265,0.62551,0.00429,0.0007228,0.0007228,0.0007228
282,320.491,1.07338,0.9511,0.00764,0.90155,0.85897,0.9436,0.74446,0.8265,0.62551,0.00429,0.00072181,0.00072181,0.00072181
283,321.778,1.05879,0.73481,0.00647,0.90155,0.85897,0.9436,0.74446,0.8265,0.62551,0.00429,0.00072082,0.00072082,0.00072082
284,322.857,0.92756,0.59421,0.00492,0.90155,0.85897,0.9436,0.74446,0.8265,0.62551,0.00429,0.00071983,0.00071983,0.00071983
285,324.006,1.15789,0.94468,0.00678,0.90615,0.86656,0.94493,0.74701,0.83153,0.60407,0.00435,0.00071884,0.00071884,0.00071884
286,325.068,0.94687,0.72592,0.00526,0.90615,0.86656,0.94493,0.74701,0.83153,0.60407,0.00435,0.00071785,0.00071785,0.00071785
287,326.128,0.88109,0.58796,0.00476,0.90615,0.86656,0.94493,0.74701,0.83153,0.60407,0.00435,0.00071686,0.00071686,0.00071686
288,327.188,0.88091,0.66056,0.00472,0.90615,0.86656,0.94493,0.74701,0.83153,0.60407,0.00435,0.00071587,0.00071587,0.00071587
289,328.417,0.85378,0.55083,0.00444,0.90615,0.86656,0.94493,0.74701,0.83153,0.60407,0.00435,0.00071488,0.00071488,0.00071488
290,329.514,0.80307,0.5113,0.00363,0.90615,0.86656,0.94493,0.74701,0.83153,0.60407,0.00435,0.00071389,0.00071389,0.00071389
291,330.655,0.97565,0.69582,0.006,0.93051,0.85832,0.94618,0.74547,0.8342,0.59897,0.00437,0.0007129,0.0007129,0.0007129
292,331.717,0.86517,0.48514,0.00437,0.93051,0.85832,0.94618,0.74547,0.8342,0.59897,0.00437,0.00071191,0.00071191,0.00071191
293,332.832,0.91991,0.62615,0.00478,0.93051,0.85832,0.94618,0.74547,0.8342,0.59897,0.00437,0.00071092,0.00071092,0.00071092
294,334.046,0.81712,0.58054,0.00421,0.93051,0.85832,0.94618,0.74547,0.8342,0.59897,0.00437,0.00070993,0.00070993,0.00070993
295,335.368,0.78143,0.65417,0.0039,0.93051,0.85832,0.94618,0.74547,0.8342,0.59897,0.00437,0.00070894,0.00070894,0.00070894
296,336.47,0.90144,0.65469,0.00495,0.93051,0.85832,0.94618,0.74547,0.8342,0.59897,0.00437,0.00070795,0.00070795,0.00070795
297,337.539,0.94727,0.64378,0.00514,0.93051,0.85832,0.94618,0.74547,0.8342,0.59897,0.00437,0.00070696,0.00070696,0.00070696
298,338.672,0.83342,0.59569,0.00401,0.9069,0.87426,0.94357,0.75021,0.84769,0.58285,0.00449,0.00070597,0.00070597,0.00070597
299,339.761,0.8201,0.62854,0.00403,0.9069,0.87426,0.94357,0.75021,0.84769,0.58285,0.00449,0.00070498,0.00070498,0.00070498
300,340.858,0.75369,0.42911,0.0034,0.9069,0.87426,0.94357,0.75021,0.84769,0.58285,0.00449,0.00070399,0.00070399,0.00070399
301,342.077,0.89648,0.64938,0.00488,0.9069,0.87426,0.94357,0.75021,0.84769,0.58285,0.00449,0.000703,0.000703,0.000703
302,343.152,0.82967,0.64517,0.00425,0.9069,0.87426,0.94357,0.75021,0.84769,0.58285,0.00449,0.00070201,0.00070201,0.00070201
303,344.253,1.00865,0.7227,0.00661,0.9069,0.87426,0.94357,0.75021,0.84769,0.58285,0.00449,0.00070102,0.00070102,0.00070102
304,345.309,0.88996,0.58794,0.00436,0.94315,0.85075,0.9497,0.74836,0.86131,0.57632,0.00458,0.00070003,0.00070003,0.00070003
305,346.367,0.7944,0.59212,0.00401,0.94315,0.85075,0.9497,0.74836,0.86131,0.57632,0.00458,0.00069904,0.00069904,0.00069904
306,347.43,0.86785,0.57308,0.00465,0.94315,0.85075,0.9497,0.74836,0.86131,0.57632,0.00458,0.00069805,0.00069805,0.00069805
307,348.668,0.97049,0.77659,0.00508,0.94315,0.85075,0.9497,0.74836,0.86131,0.57632,0.00458,0.00069706,0.00069706,0.00069706
308,349.836,0.90256,0.59773,0.00493,0.94315,0.85075,0.9497,0.74836,0.86131,0.57632,0.00458,0.00069607,0.00069607,0.00069607
309,350.93,0.91062,0.79327,0.00498,0.94315,0.85075,0.9497,0.74836,0.86131,0.57632,0.00458,0.00069508,0.00069508,0.00069508
310,352,0.89569,0.62084,0.00466,0.94315,0.85075,0.9497,0.74836,0.86131,0.57632,0.00458,0.00069409,0.00069409,0.00069409
311,353.09,0.97656,0.77169,0.00625,0.91935,0.87694,0.94998,0.74871,0.86514,0.58161,0.00459,0.0006931,0.0006931,0.0006931
312,354.332,0.81908,0.60529,0.00426,0.91935,0.87694,0.94998,0.74871,0.86514,0.58161,0.00459,0.00069211,0.00069211,0.00069211
313,355.489,0.89586,0.52144,0.00456,0.91935,0.87694,0.94998,0.74871,0.86514,0.58161,0.00459,0.00069112,0.00069112,0.00069112
314,356.491,0.99832,0.59568,0.00603,0.91935,0.87694,0.94998,0.74871,0.86514,0.58161,0.00459,0.00069013,0.00069013,0.00069013
315,357.494,0.81903,0.66229,0.00486,0.91935,0.87694,0.94998,0.74871,0.86514,0.58161,0.00459,0.00068914,0.00068914,0.00068914
316,358.608,0.93797,0.75337,0.00546,0.91935,0.87694,0.94998,0.74871,0.86514,0.58161,0.00459,0.00068815,0.00068815,0.00068815
317,359.762,0.82771,0.70924,0.00445,0.93074,0.8615,0.94854,0.74675,0.88478,0.55701,0.00482,0.00068716,0.00068716,0.00068716
318,361.02,0.87153,0.58973,0.00449,0.93074,0.8615,0.94854,0.74675,0.88478,0.55701,0.00482,0.00068617,0.00068617,0.00068617
319,362.112,0.94766,0.65439,0.00549,0.93074,0.8615,0.94854,0.74675,0.88478,0.55701,0.00482,0.00068518,0.00068518,0.00068518
320,363.198,0.94192,0.56696,0.00487,0.93074,0.8615,0.94854,0.74675,0.88478,0.55701,0.00482,0.00068419,0.00068419,0.00068419
321,364.206,0.91169,0.63823,0.00532,0.93074,0.8615,0.94854,0.74675,0.88478,0.55701,0.00482,0.0006832,0.0006832,0.0006832
322,365.222,1.05089,0.79947,0.00554,0.93074,0.8615,0.94854,0.74675,0.88478,0.55701,0.00482,0.00068221,0.00068221,0.00068221
323,366.465,0.90486,0.71648,0.00532,0.92949,0.84615,0.93994,0.73639,0.88268,0.563,0.00481,0.00068122,0.00068122,0.00068122
324,367.613,1.04737,0.78462,0.00671,0.92949,0.84615,0.93994,0.73639,0.88268,0.563,0.00481,0.00068023,0.00068023,0.00068023
325,368.741,0.86973,0.65409,0.00442,0.92949,0.84615,0.93994,0.73639,0.88268,0.563,0.00481,0.00067924,0.00067924,0.00067924
326,369.833,0.85798,0.62923,0.00453,0.92949,0.84615,0.93994,0.73639,0.88268,0.563,0.00481,0.00067825,0.00067825,0.00067825
327,370.92,0.81806,0.49785,0.00364,0.92949,0.84615,0.93994,0.73639,0.88268,0.563,0.00481,0.00067726,0.00067726,0.00067726
328,371.977,1.00062,0.70703,0.00584,0.92949,0.84615,0.93994,0.73639,0.88268,0.563,0.00481,0.00067627,0.00067627,0.00067627
329,373.178,0.98726,0.65647,0.00605,0.92949,0.84615,0.93994,0.73639,0.88268,0.563,0.00481,0.00067528,0.00067528,0.00067528
330,374.334,0.98331,0.64079,0.00585,0.91915,0.87449,0.94364,0.73849,0.87862,0.56172,0.00478,0.00067429,0.00067429,0.00067429
331,375.467,1.01177,0.63096,0.00577,0.91915,0.87449,0.94364,0.73849,0.87862,0.56172,0.00478,0.0006733,0.0006733,0.0006733
332,376.53,1.14194,0.7052,0.00698,0.91915,0.87449,0.94364,0.73849,0.87862,0.56172,0.00478,0.00067231,0.00067231,0.00067231
333,377.566,1.06773,0.77544,0.0066,0.91915,0.87449,0.94364,0.73849,0.87862,0.56172,0.00478,0.00067132,0.00067132,0.00067132
334,378.657,0.8982,0.81026,0.00533,0.91915,0.87449,0.94364,0.73849,0.87862,0.56172,0.00478,0.00067033,0.00067033,0.00067033
335,379.904,0.884,0.58447,0.00435,0.91915,0.87449,0.94364,0.73849,0.87862,0.56172,0.00478,0.00066934,0.00066934,0.00066934
336,381.01,0.93457,0.5892,0.00497,0.93767,0.85897,0.95018,0.74277,0.87878,0.55548,0.00481,0.00066835,0.00066835,0.00066835
337,382.077,0.94618,0.6867,0.00507,0.93767,0.85897,0.95018,0.74277,0.87878,0.55548,0.00481,0.00066736,0.00066736,0.00066736
338,383.207,0.85232,0.63724,0.00472,0.93767,0.85897,0.95018,0.74277,0.87878,0.55548,0.00481,0.00066637,0.00066637,0.00066637
339,384.36,0.7595,0.55044,0.00401,0.93767,0.85897,0.95018,0.74277,0.87878,0.55548,0.00481,0.00066538,0.00066538,0.00066538
340,385.539,0.88397,0.48129,0.00401,0.93767,0.85897,0.95018,0.74277,0.87878,0.55548,0.00481,0.00066439,0.00066439,0.00066439
341,386.782,1.09531,0.7765,0.0062,0.93767,0.85897,0.95018,0.74277,0.87878,0.55548,0.00481,0.0006634,0.0006634,0.0006634
342,387.909,0.98194,0.73528,0.00623,0.93767,0.85897,0.95018,0.74277,0.87878,0.55548,0.00481,0.00066241,0.00066241,0.00066241
343,389.056,0.89837,0.47797,0.00448,0.9418,0.8299,0.94896,0.74207,0.86271,0.5712,0.00473,0.00066142,0.00066142,0.00066142
344,390.133,0.907,0.54862,0.0053,0.9418,0.8299,0.94896,0.74207,0.86271,0.5712,0.00473,0.00066043,0.00066043,0.00066043
345,391.209,0.82978,0.46963,0.00407,0.9418,0.8299,0.94896,0.74207,0.86271,0.5712,0.00473,0.00065944,0.00065944,0.00065944
346,392.262,0.87696,0.55082,0.00484,0.9418,0.8299,0.94896,0.74207,0.86271,0.5712,0.00473,0.00065845,0.00065845,0.00065845
347,393.5,0.9996,0.56398,0.00566,0.9418,0.8299,0.94896,0.74207,0.86271,0.5712,0.00473,0.00065746,0.00065746,0.00065746
348,394.566,0.81614,0.58776,0.0043,0.9418,0.8299,0.94896,0.74207,0.86271,0.5712,0.00473,0.00065647,0.00065647,0.00065647
349,395.736,0.82413,0.56978,0.00372,0.92969,0.84768,0.95263,0.74466,0.88049,0.56168,0.00479,0.00065548,0.00065548,0.00065548
350,396.786,0.85637,0.58677,0.00459,0.92969,0.84768,0.95263,0.74466,0.88049,0.56168,0.00479,0.00065449,0.00065449,0.00065449
351,397.84,0.87299,0.44632,0.00386,0.92969,0.84768,0.95263,0.74466,0.88049,0.56168,0.00479,0.0006535,0.0006535,0.0006535
352,399.084,0.7985,0.75936,0.00469,0.92969,0.84768,0.95263,0.74466,0.88049,0.56168,0.00479,0.00065251,0.00065251,0.00065251
353,400.162,1.03022,0.88711,0.00685,0.92969,0.84768,0.95263,0.74466,0.88049,0.56168,0.00479,0.00065152,0.00065152,0.00065152
354,401.243,0.8367,0.5041,0.00375,0.92969,0.84768,0.95263,0.74466,0.88049,0.56168,0.00479,0.00065053,0.00065053,0.00065053
355,402.371,0.7942,0.66528,0.00443,0.93839,0.83333,0.9534,0.74694,0.87725,0.57099,0.00477,0.00064954,0.00064954,0.00064954
356,403.486,0.97566,0.65038,0.00557,0.93839,0.83333,0.9534,0.74694,0.87725,0.57099,0.00477,0.00064855,0.00064855,0.00064855
357,404.549,1.06124,0.83942,0.00636,0.93839,0.83333,0.9534,0.74694,0.87725,0.57099,0.00477,0.00064756,0.00064756,0.00064756
358,405.775,1.03156,0.77301,0.00638,0.93839,0.83333,0.9534,0.74694,0.87725,0.57099,0.00477,0.00064657,0.00064657,0.00064657
359,406.863,1.04315,0.74283,0.00593,0.93839,0.83333,0.9534,0.74694,0.87725,0.57099,0.00477,0.00064558,0.00064558,0.00064558
